model,accuracy_mean,accuracy_std,precision_mean,precision_std,recall_mean,recall_std,f1_mean,f1_std,roc_auc_mean,roc_auc_std,average_precision_mean,average_precision_std
linear_svm_tfidf,0.895453682611997,0.001668412664317268,0.8898079169704108,0.0031935393430075044,0.9035979404359926,0.0010643430140892878,0.8966472265005049,0.001469534381264014,0.9607914248762467,0.0010803018271685338,0.9593624438299724,0.0015538862051421825
logistic_regression_tfidf,0.8946231966590736,0.0022424062303211556,0.8840739582866622,0.0031308339093925144,0.9092713506090212,0.0026284230422216792,0.8964928115526987,0.0021523007686457788,0.960501291410731,0.0013922304203057892,0.9595920560696457,0.0020241534805970213
naive_bayes_tfidf,0.8738373196659074,0.0008188797421572002,0.8683424068532005,0.0021023381462089608,0.8824168796539095,0.0028807689387214262,0.8753188519703642,0.0008817300142748121,0.9456399641234087,0.000789378832677344,0.9447708699299722,0.00047132668916480535
random_forest_tfidf,0.8431567957479119,0.0022013553233853544,0.8222295389455757,0.0005078614589573801,0.8771213914965367,0.004836940618770954,0.848785463862917,0.002515588086142047,0.9237161380002092,0.001419768951637168,0.9212837585392376,0.0026148048238273753
baseline_most_frequent,0.5018745254365983,4.109839615527989e-05,0.5018745254365983,4.109839615527989e-05,1.0,0.0,0.6683308311544748,3.6440196210068006e-05,0.5,0.0,0.5018745254365983,4.109839615527989e-05
