model,accuracy,precision,recall,f1,roc_auc,average_precision
logistic_regression_tfidf,0.8999731110513579,0.8892940870018234,0.9145459416019287,0.901743264659271,0.9650341105499226,0.9648768241042972
linear_svm_tfidf,0.8999731110513579,0.896313975072925,0.9054379855344227,0.9008528784648188,0.9641617076134256,0.9637334175427312
naive_bayes_tfidf,0.8789997311105135,0.8766285562350439,0.8832038574872757,0.8799039231385108,0.9494604239172598,0.9479496982849245
random_forest_tfidf,0.8463296585103522,0.8208622398414271,0.8874899544602196,0.8528768181233106,0.9277431870182162,0.9258499806265782
baseline_most_frequent,0.5018822264049476,0.5018822264049476,1.0,0.6683376600125325,0.5,0.5018822264049476
